start,end,duration_hours,min_price,coin,issuer,reserve_type
2018-01-28 00:00:00,2018-01-28 23:00:00,24.0,0.988924,USDT,Tether Limited,Off-chain Fiat Custodial
2018-02-02 00:00:00,2018-02-03 01:00:00,26.0,0.978577,USDT,Tether Limited,Off-chain Fiat Custodial
2018-10-15 23:00:00,2018-10-19 14:00:00,88.0,0.9786140676750409,USDT,Tether Limited,Off-chain Fiat Custodial
2018-11-19 18:00:00,2018-11-21 10:00:00,41.0,0.9675996067944184,USDT,Tether Limited,Off-chain Fiat Custodial
2018-12-07 00:00:00,2018-12-07 01:00:00,2.0,0.9822294166828467,USDT,Tether Limited,Off-chain Fiat Custodial
2018-12-13 20:00:00,2018-12-14 22:00:00,27.0,0.9812241062233982,USDT,Tether Limited,Off-chain Fiat Custodial
2018-12-25 02:00:00,2018-12-25 04:00:00,3.0,0.9867145715835387,USDT,Tether Limited,Off-chain Fiat Custodial
2019-03-25 21:00:00,2019-03-25 22:00:00,2.0,0.9838043779151011,USDT,Tether Limited,Off-chain Fiat Custodial
2021-01-05 00:00:00,2021-01-05 04:00:00,5.0,0.9744295668729073,USDT,Tether Limited,Off-chain Fiat Custodial
2021-05-20 17:00:00,2021-05-20 18:00:00,2.0,0.9842298173994317,USDT,Tether Limited,Off-chain Fiat Custodial
2021-12-28 17:00:00,2021-12-28 18:00:00,2.0,0.9790514520881904,USDT,Tether Limited,Off-chain Fiat Custodial
2022-01-07 04:00:00,2022-01-07 05:00:00,2.0,0.9670200971586769,USDT,Tether Limited,Off-chain Fiat Custodial
2022-11-09 11:00:00,2022-11-09 12:00:00,2.0,0.961959,USDT,Tether Limited,Off-chain Fiat Custodial
2018-10-05 15:00:00,2018-10-05 20:00:00,6.0,0.8649815205685689,USDC,Circle / Centre,Regulated Fiat Custodial
2018-12-27 02:00:00,2018-12-27 04:00:00,3.0,0.9799692919720508,USDC,Circle / Centre,Regulated Fiat Custodial
2018-12-28 22:00:00,2018-12-30 00:00:00,27.0,0.9716883186985201,USDC,Circle / Centre,Regulated Fiat Custodial
2020-03-13 14:00:00,2020-03-13 15:00:00,2.0,0.9834570735273466,USDC,Circle / Centre,Regulated Fiat Custodial
2020-03-29 20:00:00,2020-03-29 21:00:00,2.0,0.9820040879661297,USDC,Circle / Centre,Regulated Fiat Custodial
2021-05-04 01:00:00,2021-05-04 02:00:00,2.0,0.9887433258292222,USDC,Circle / Centre,Regulated Fiat Custodial
2021-06-07 20:00:00,2021-06-07 21:00:00,2.0,0.9798975601119048,USDC,Circle / Centre,Regulated Fiat Custodial
2022-02-11 03:00:00,2022-02-11 06:00:00,4.0,0.9836638336258661,USDC,Circle / Centre,Regulated Fiat Custodial
2023-03-11 02:00:00,2023-03-13 08:00:00,55.0,0.885466,USDC,Circle / Centre,Regulated Fiat Custodial
2023-12-11 19:00:00,2023-12-11 20:00:00,2.0,0.985652,USDC,Circle / Centre,Regulated Fiat Custodial
2021-01-11 13:00:00,2021-01-11 14:00:00,2.0,0.9807048746931213,BUSD,Paxos Trust / Binance,NYDFS Regulated Fiat
2021-02-24 12:00:00,2021-02-24 15:00:00,4.0,0.9841887233319412,BUSD,Paxos Trust / Binance,NYDFS Regulated Fiat
2021-04-20 01:00:00,2021-04-20 02:00:00,2.0,0.9875857078988632,BUSD,Paxos Trust / Binance,NYDFS Regulated Fiat
2021-05-17 22:00:00,2021-05-17 23:00:00,2.0,0.9847793999010428,BUSD,Paxos Trust / Binance,NYDFS Regulated Fiat
2023-12-15 14:00:00,2023-12-16 12:00:00,23.0,0.978405,BUSD,Paxos Trust / Binance,NYDFS Regulated Fiat
2019-11-19 11:00:00,2019-11-19 12:00:00,2.0,0.9801403781889164,DAI,MakerDAO (Sky),Crypto-CDP / PSM Fiat Reserve
2019-11-21 09:00:00,2019-12-07 22:00:00,398.0,0.927535960047834,DAI,MakerDAO (Sky),Crypto-CDP / PSM Fiat Reserve
2019-12-09 10:00:00,2019-12-11 22:00:00,61.0,0.970828978229258,DAI,MakerDAO (Sky),Crypto-CDP / PSM Fiat Reserve
2019-12-21 20:00:00,2020-01-06 20:00:00,385.0,0.9592463249438326,DAI,MakerDAO (Sky),Crypto-CDP / PSM Fiat Reserve
2021-06-07 22:00:00,2021-06-07 23:00:00,2.0,0.9842335875389963,DAI,MakerDAO (Sky),Crypto-CDP / PSM Fiat Reserve
2021-07-26 21:00:00,2021-07-26 22:00:00,2.0,0.9708552457024529,DAI,MakerDAO (Sky),Crypto-CDP / PSM Fiat Reserve
2022-01-24 13:00:00,2022-01-24 15:00:00,3.0,0.9797690370297513,DAI,MakerDAO (Sky),Crypto-CDP / PSM Fiat Reserve
2023-03-11 02:00:00,2023-03-13 08:00:00,55.0,0.885938,DAI,MakerDAO (Sky),Crypto-CDP / PSM Fiat Reserve
2018-03-25 00:00:00,2018-03-25 02:00:00,3.0,0.9891169290059846,TUSD,Archblock / Techteryx,Real-Time Attested Fiat
2018-05-02 00:00:00,2018-05-05 23:00:00,96.0,0.9878134983810561,TUSD,Archblock / Techteryx,Real-Time Attested Fiat
2018-05-09 00:00:00,2018-05-09 23:00:00,24.0,0.9887139678943953,TUSD,Archblock / Techteryx,Real-Time Attested Fiat
2018-06-10 00:00:00,2018-06-10 23:00:00,24.0,0.9867491920577298,TUSD,Archblock / Techteryx,Real-Time Attested Fiat
2018-07-18 08:00:00,2018-07-20 13:00:00,54.0,0.9829482896640209,TUSD,Archblock / Techteryx,Real-Time Attested Fiat
2018-12-28 21:00:00,2018-12-29 13:00:00,17.0,0.9883082050284789,TUSD,Archblock / Techteryx,Real-Time Attested Fiat
2019-02-24 15:00:00,2019-02-24 16:00:00,2.0,0.9800737294380777,TUSD,Archblock / Techteryx,Real-Time Attested Fiat
2019-03-16 02:00:00,2019-03-16 03:00:00,2.0,0.9847014624023815,TUSD,Archblock / Techteryx,Real-Time Attested Fiat
2019-04-03 22:00:00,2019-04-03 23:00:00,2.0,0.9820489509450931,TUSD,Archblock / Techteryx,Real-Time Attested Fiat
2019-07-08 06:00:00,2019-07-08 07:00:00,2.0,0.9857516205799377,TUSD,Archblock / Techteryx,Real-Time Attested Fiat
2019-10-23 13:00:00,2019-10-23 14:00:00,2.0,0.9687276701449367,TUSD,Archblock / Techteryx,Real-Time Attested Fiat
2020-03-13 20:00:00,2020-03-13 22:00:00,3.0,0.982508960420081,TUSD,Archblock / Techteryx,Real-Time Attested Fiat
2020-03-21 10:00:00,2020-03-21 11:00:00,2.0,0.9861723087901004,TUSD,Archblock / Techteryx,Real-Time Attested Fiat
2021-01-04 21:00:00,2021-01-05 02:00:00,6.0,0.9608414964819894,TUSD,Archblock / Techteryx,Real-Time Attested Fiat
2021-05-12 04:00:00,2021-05-12 08:00:00,5.0,0.9795211502545911,TUSD,Archblock / Techteryx,Real-Time Attested Fiat
2021-12-28 16:00:00,2021-12-28 17:00:00,2.0,0.9883022837602418,TUSD,Archblock / Techteryx,Real-Time Attested Fiat
2022-01-05 20:00:00,2022-01-05 22:00:00,3.0,0.9827985109361349,TUSD,Archblock / Techteryx,Real-Time Attested Fiat
2023-03-11 14:00:00,2023-03-11 15:00:00,2.0,0.987502,TUSD,Archblock / Techteryx,Real-Time Attested Fiat
2024-01-09 21:00:00,2024-01-09 22:00:00,2.0,0.975028,TUSD,Archblock / Techteryx,Real-Time Attested Fiat
2024-01-15 19:00:00,2024-02-29 03:00:00,1065.0,0.947435,TUSD,Archblock / Techteryx,Real-Time Attested Fiat
2025-06-13 05:00:00,2025-06-13 07:00:00,3.0,0.988559,TUSD,Archblock / Techteryx,Real-Time Attested Fiat
2018-10-10 12:00:00,2018-10-10 19:00:00,8.0,0.9787354207580516,PAX,Paxos Trust Company,NYDFS Regulated Fiat
2019-01-06 13:00:00,2019-01-13 14:00:00,170.0,0.9794251240003056,PAX,Paxos Trust Company,NYDFS Regulated Fiat
2019-01-21 22:00:00,2019-01-21 23:00:00,2.0,0.9891906030617059,PAX,Paxos Trust Company,NYDFS Regulated Fiat
2019-04-03 08:00:00,2019-04-03 23:00:00,16.0,0.9834206584780671,PAX,Paxos Trust Company,NYDFS Regulated Fiat
2019-04-09 02:00:00,2019-04-09 05:00:00,4.0,0.9877584593359049,PAX,Paxos Trust Company,NYDFS Regulated Fiat
2020-03-29 20:00:00,2020-03-29 21:00:00,2.0,0.986673670747707,PAX,Paxos Trust Company,NYDFS Regulated Fiat
2022-11-13 13:00:00,2022-11-14 02:00:00,14.0,0.976308,PAX,Paxos Trust Company,NYDFS Regulated Fiat
2023-01-13 02:00:00,2023-01-13 09:00:00,8.0,0.986688,PAX,Paxos Trust Company,NYDFS Regulated Fiat
2023-01-14 10:00:00,2023-01-15 04:00:00,19.0,0.986159,PAX,Paxos Trust Company,NYDFS Regulated Fiat
2023-01-31 04:00:00,2023-01-31 05:00:00,2.0,0.984699,PAX,Paxos Trust Company,NYDFS Regulated Fiat
2023-02-18 13:00:00,2023-02-18 14:00:00,2.0,0.989459,PAX,Paxos Trust Company,NYDFS Regulated Fiat
2023-02-21 12:00:00,2023-02-21 13:00:00,2.0,0.989168,PAX,Paxos Trust Company,NYDFS Regulated Fiat
2023-03-08 19:00:00,2023-03-09 02:00:00,8.0,0.984546,PAX,Paxos Trust Company,NYDFS Regulated Fiat
2023-03-11 01:00:00,2023-03-13 08:00:00,56.0,0.939363,PAX,Paxos Trust Company,NYDFS Regulated Fiat
